{
	"id": "5a38134b-49eb-4d4b-8d36-22cb97d38d4b",
	"name": "Ed-Fi ODS / API v5.0.0",
	"values": [
		{
			"key": "base_URL",
			"value": "https://api.ed-fi.org/v5.0.0",
			"enabled": true
		},
		{
			"key": "API_URL",
			"value": "{{base_URL}}/api",
			"enabled": true
		},
		{
			"key": "token_URL",
			"value": "{{API_URL}}/oauth/token",
			"enabled": true
		},
		{
			"key": "client_id",
			"value": "RvcohKz9zHI4",
			"enabled": true
		},
		{
			"key": "client_secret",
			"value": "E1iEFusaNf81xzCxwHfbolkC",
			"enabled": true
		},
		{
			"key": "lea_id",
			"value": "LEA ID",
			"enabled": true
		},
		{
			"key": "school_id",
			"value": "School ID",
			"enabled": true
		},
		{
			"key": "section_id",
			"value": "Section ID",
			"enabled": true
		},
		{
			"key": "staff_id",
			"value": "Staff ID",
			"enabled": true
		}
	],
	"_postman_variable_scope": "environment",
	"_postman_exported_at": "2021-05-13T16:40:41.412Z",
	"_postman_exported_using": "Postman/8.3.1"
}