{
	"id": "46406758-1308-421a-8627-f32c3f2fac65",
	"name": "Ed-Fi ODS / API v5.2",
	"values": [
		{
			"key": "base_URL",
			"value": "https://api.ed-fi.org/v5.2",
			"enabled": true
		},
		{
			"key": "API_URL",
			"value": "{{base_URL}}/api",
			"enabled": true
		},
		{
			"key": "token_URL",
			"value": "{{API_URL}}/oauth/token",
			"enabled": true
		},
		{
			"key": "client_id",
			"value": "RvcohKz9zHI4",
			"enabled": true
		},
		{
			"key": "client_secret",
			"value": "E1iEFusaNf81xzCxwHfbolkC",
			"enabled": true
		},
		{
			"key": "lea_id",
			"value": "LEA ID",
			"enabled": true
		},
		{
			"key": "school_id",
			"value": "School ID",
			"enabled": true
		},
		{
			"key": "section_id",
			"value": "Section ID",
			"enabled": true
		},
		{
			"key": "staff_id",
			"value": "Staff ID",
			"enabled": true
		},
		{
			"key": "student_id",
			"value": "Student ID",
			"enabled": true
		},
		{
			"key": "original_change_version",
			"value": "0",
			"enabled": true
		},
		{
			"key": "latest_change_version",
			"value": "0",
			"enabled": true
		},
		{
			"key": "lea_name",
			"value": "Grand Bend ISD",
			"enabled": true
		},
		{
			"key": "school_name",
			"value": "Grand Bend High School",
			"enabled": true
		},
		{
			"key": "staff_login_id",
			"value": "tmcpherson",
			"enabled": true
		},
		{
			"key": "section_name",
			"value": "Algebra 1",
			"enabled": true
		},
		{
			"key": "student_unique_id",
			"value": "604821",
			"enabled": true
		}
	],
	"_postman_variable_scope": "environment",
	"_postman_exported_at": "2021-06-15T20:01:36.905Z",
	"_postman_exported_using": "Postman/8.3.1"
}
